title,description,source,url,published,clean_title,sentiment,sent_score
Who trusts Sam Altman? | TechCrunch,"""I believe I am an honest and trustworthy business person,"" Altman testified in federal court.",TechCrunch,https://techcrunch.com/2026/05/13/who-trusts-sam-altman/,2026-05-13T16:31:04Z,trusts sam altman techcrunch,Positive,0.4767
"Elon Musk Had ‘Hair-Raising’ Idea of Passing OpenAI Onto His Kids, Sam Altman Says","Musk’s lawyers questioned Altman over allegations of deception and his network of financial investments, but the OpenAI CEO painted a picture of Musk as obsessed with controlling the company.",Wired,https://www.wired.com/story/sam-altman-testifies-musk-v-altman-trial/,2026-05-13T00:10:05Z,elon musk hairraising idea passing openai onto kids sam altman says,Neutral,0.0
Googlebook Is Google's New AI-Powered Laptop Platform Built on Android,"They won't replace Chromebooks, but Googlebooks have an Android-centered operating system, AI-first features like the Magic Pointer, and a promise of desktop-grade apps.",Wired,https://www.wired.com/story/googlebook-laptop-platform/,2026-05-12T17:00:00Z,googlebook googles new aipowered laptop platform built android,Neutral,0.0
U.S. bank disclose security lapse after sharing customer data with AI app | TechCrunch,U.S. bank disclose security lapse after sharing customer data with AI app | TechCrunchtechcrunch.com,TechCrunch,https://techcrunch.com/2026/05/12/u-s-bank-disclose-security-lapse-after-sharing-customer-data-with-ai-app/,2026-05-12T16:36:44Z,us bank disclose security lapse sharing customer data ai app techcrunch,Positive,0.6369
"The Creators of ‘Hacks’ Really, Really, Really Hate AI","Ahead of the hit show’s finale, cocreators Paul W. Downs and Lucia Aniello talk about media consolidation, the perils of censorship, and why they find AI “deeply disturbing.”",Wired,https://www.wired.com/story/the-big-interview-podcast-hacks-cocreators-paul-w-downs-lucia-aniello/,2026-05-12T10:30:00Z,creators hacks really really really hate ai,Negative,-0.6741
Ilya Sutskever Stands by His Role in Sam Altman’s OpenAI Ouster: ‘I Didn’t Want It to Be Destroyed’,"The former OpenAI chief scientist may be estranged from the company, but he still came to its defense as he testified on Monday.",Wired,https://www.wired.com/story/ilya-sutskever-testifies-musk-v-altman-trial/,2026-05-11T23:51:35Z,ilya sutskever stands role sam altmans openai ouster didnt want destroyed,Positive,0.0772
"Joanna Stern is not a robot, but she lived with them","My guest today is longtime friend of the show Joanna Stern. You all know Joanna: she is the former senior personal technology columnist for The Wall Street Journal, a former Decoder guest host, one of my cofounders here at The Verge, and also just one of my v…",The Verge,https://www.theverge.com/podcast/926752/joanna-stern-i-am-not-a-robot-new-things-media-youtube-ai-automation,2026-05-11T13:48:57Z,joanna stern robot lived,Neutral,0.0
"Korea's biggest manufacturers back Config, the TSMC of robot data | TechCrunch","Korea's biggest manufacturers back Config, the TSMC of robot data | TechCrunchtechcrunch.com",TechCrunch,https://techcrunch.com/2026/05/11/koreas-biggest-manufacturers-back-config-the-tsmc-of-robot-data/,2026-05-11T10:59:11Z,koreas biggest manufacturers back config tsmc robot data techcrunch,Neutral,0.0
Anthropic says ‘evil’ portrayals of AI were responsible for Claude’s blackmail attempts | TechCrunch,Anthropic says ‘evil’ portrayals of AI were responsible for Claude’s blackmail attempts | TechCrunchtechcrunch.com,TechCrunch,https://techcrunch.com/2026/05/10/anthropic-says-evil-portrayals-of-ai-were-responsible-for-claudes-blackmail-attempts/,2026-05-10T20:43:58Z,anthropic says evil portrayals ai responsible claudes blackmail attempts techcrunch,Positive,0.3182
So you've heard these AI terms and nodded along; let's fix that | TechCrunch,The rise of AI has brought an avalanche of new terms and slang. Here is a glossary with definitions of some of the most important words and phrases you might encounter.,TechCrunch,https://techcrunch.com/2026/05/09/artificial-intelligence-definition-glossary-hallucinations-guide-to-common-ai-terms/,2026-05-09T21:49:02Z,youve heard ai terms nodded along lets fix techcrunch,Neutral,0.0
There's a Long Shot Proposal to Protect California Workers From AI,California gubernatorial candidate Tom Steyer is proposing a new jobs guarantee for workers displaced by artificial intelligence.,Wired,https://www.wired.com/story/tom-steyer-proposes-jobs-guarantee-to-protect-california-workers-from-ai/,2026-05-08T15:00:00Z,theres long shot proposal protect california workers ai,Positive,0.3818
Musk vs. Altman Evidence Shows What Microsoft Executives Thought of OpenAI,"Leaders at the tech giant were skeptical of OpenAI—but wary of pushing it into the arms of Amazon, according to emails dating back to 2018.",Wired,https://www.wired.com/story/microsoft-executives-discuss-openai-sam-altman-2018/,2026-05-08T01:42:14Z,musk vs altman evidence shows microsoft executives thought openai,Neutral,0.0
Elon Musk's lawsuit is putting OpenAI's safety record under the microscope | TechCrunch,Elon Musk's legal effort to dismantle OpenAI may hinge on how its for-profit subsidiary enhances or detracts from the frontier lab's founding mission of ensuring that humanity benefits from artificial general intelligence.,TechCrunch,https://techcrunch.com/2026/05/07/elon-musks-lawsuit-is-putting-openais-safety-record-under-the-microscope/,2026-05-07T19:21:21Z,elon musks lawsuit putting openais safety record microscope techcrunch,Positive,0.2263
Diabetes Detection Needs Better Tools. They’re on the Way,"Blood glucose levels can be a reliable indicator of diabetes risk. But in some populations, it's not enough to catch the disease early.",Wired,https://www.wired.com/story/diabetes-detection-better-tools-biomarkers/,2026-05-07T15:32:45Z,diabetes detection needs better tools theyre way,Positive,0.4404
Inside the return of Xbox,"Two weeks ago there was a buzz in the air inside Microsoft's studio D building. Hundreds of Xbox employees gathered early on a Thursday morning, packed into the hallways and atrium, to hear from Xbox CEO Asha Sharma. The ""return of Xbox"" slogan was plastered …",The Verge,https://www.theverge.com/tech/925966/microsoft-return-to-xbox-town-hall-notepad,2026-05-07T14:12:54Z,inside return xbox,Neutral,0.0
This Reggae Band Is in a Nightmare Battle Against AI Slop Remixes,"When Stick Figure’s six-year-old song shot up the charts, the band was thrilled. But its viral moment was spurred by unauthorized AI remixes.",Wired,https://www.wired.com/story/this-reggae-band-is-in-a-nightmare-battle-against-ai-slop-remixes/,2026-05-07T11:00:00Z,reggae band nightmare battle ai slop remixes,Negative,-0.3818
"Barry Diller trusts Sam Altman. But 'trust is irrelevant' as AGI nears, he says. | TechCrunch","Barry Diller defended OpenAI CEO Sam Altman, while warning that AGI remains an unpredictable force needing guardrails.",TechCrunch,https://techcrunch.com/2026/05/06/barry-diller-trusts-sam-altman-but-trust-is-irrelevant-as-agi-nears-he-says/,2026-05-06T21:57:56Z,barry diller trusts sam altman trust irrelevant agi nears says techcrunch,Positive,0.7579
SpaceX may spend up to $119 billion on 'Terafab' chip factory in Texas | TechCrunch,"SpaceX, Elon Musk's space company that also houses his AI company, xAI, is considering spending $55 billion, at least initially, to build a semiconductor factory in Texas, according to a filing with Grimes County.",TechCrunch,https://techcrunch.com/2026/05/06/spacex-may-spend-up-to-119-billion-on-terafab-chip-factory-in-texas/,2026-05-06T17:23:55Z,spacex may spend 119 billion terafab chip factory texas techcrunch,Neutral,0.0
AI boom pushes Samsung to $1T | TechCrunch,"Samsung crossed the $1 trillion valuation mark after shares surged on AI-driven chip demand, making it only the second Asian company after TSMC to hit the milestone.",TechCrunch,https://techcrunch.com/2026/05/06/ai-boom-pushes-samsung-to-1t/,2026-05-06T13:54:58Z,ai boom pushes samsung 1t techcrunch,Neutral,0.0
Google DeepMind Workers Vote to Unionize Over Military AI Deals,UK staff of Google's AI research lab hope to block the use of the company's artificial intelligence models in military settings.,Wired,https://www.wired.com/story/google-deepmind-workers-vote-to-unionize-over-military-ai-deals/,2026-05-05T11:59:20Z,google deepmind workers vote unionize military ai deals,Neutral,0.0
"Greg Brockman Defends $30B OpenAI Stake: ‘Blood, Sweat, and Tears’",OpenAI’s cofounder and president revealed in federal court on Monday that he’s one of the largest individual stakeholders in the AI lab.,Wired,https://www.wired.com/story/greg-brockman-testifies-musk-v-altman-trial/,2026-05-04T23:19:52Z,greg brockman defends 30b openai stake blood sweat tears,Neutral,0.0
Elon Musk's only expert witness at the OpenAI trial fears an AGI arms race | TechCrunch,Elon Musk's only expert witness at the OpenAI trial fears an AGI arms race | TechCrunchtechcrunch.com,TechCrunch,https://techcrunch.com/2026/05/04/elon-musks-only-expert-witness-at-the-openai-trial-fears-an-agi-arms-race/,2026-05-04T16:58:41Z,elon musks expert witness openai trial fears agi arms race techcrunch,Negative,-0.4215
The creator of Roomba is back with a furry robot companion,"Colin Angle, the maker of the Roomba and the man who helped put 50 million household robots into people's homes, is back with a new robot. But this one is designed as a companion, not a cleaner. The first robot from Angle's new company, Familiar Machines & Ma…",The Verge,https://www.theverge.com/ai-artificial-intelligence/922947/roomba-creator-new-robot-familiar-machines-magic-ai-launch,2026-05-04T16:53:14Z,creator roomba back furry robot companion,Neutral,0.0
AI-generated actors and scripts are now ineligible for Oscars | TechCrunch,AI-generated actors and scripts are now ineligible for Oscars | TechCrunchtechcrunch.com,TechCrunch,https://techcrunch.com/2026/05/02/ai-generated-actors-and-scripts-are-now-ineligible-for-oscars/,2026-05-02T21:55:22Z,aigenerated actors scripts ineligible oscars techcrunch,Neutral,0.0
Meta buys robotic startup to bolster its humanoid AI ambitions | TechCrunch,"Meta bought humanoid startup Assured Robot Intelligence to beef up its AI models for robots, the company said.",TechCrunch,https://techcrunch.com/2026/05/01/meta-buys-robotics-startup-to-bolster-its-humanoid-ai-ambitions/,2026-05-01T22:13:27Z,meta buys robotic startup bolster humanoid ai ambitions techcrunch,Neutral,0.0
A Dark-Money Campaign Is Paying Influencers to Frame Chinese AI as a Threat,"Build American AI, a nonprofit linked to a super PAC bankrolled by executives at OpenAI and Andreessen Horowitz, is funding a campaign to spread pro-AI messaging and stoke fears about China.",Wired,https://www.wired.com/story/super-pac-backed-by-openai-and-palantir-is-paying-tiktok-influencers-to-fear-monger-about-china/,2026-05-01T20:25:28Z,darkmoney campaign paying influencers frame chinese ai threat,Negative,-0.5267
This Treatment Could Reverse Osteoarthritis Joint Damage With a Single Injection,"Osteoarthritis has no cure, but researchers have developed new therapies that help aging or damaged joints repair themselves in a matter of weeks.",Wired,https://www.wired.com/story/osteoarthritis-joint-damage-single-injection-treatment/,2026-05-01T09:30:00Z,treatment could reverse osteoarthritis joint damage single injection,Negative,-0.4939
Salesforce is crowdsourcing its AI roadmap — with customers  | TechCrunch,"Salesforce lets its customers lead its product roadmap with the thinking that if one enterprise customer has a problem, the others likely do too.",TechCrunch,https://techcrunch.com/2026/04/30/salesforce-is-crowdsourcing-its-ai-roadmap-with-customers/,2026-04-30T16:07:52Z,salesforce crowdsourcing ai roadmap customers techcrunch,Neutral,0.0
Here’s how the new Microsoft and OpenAI deal breaks down,"Microsoft's relationship with OpenAI has always been complicated, so I expected the close partnership-turned-situationship to end in tears. After all, executive disagreements, rearranged contracts, and frustrations over AI infrastructure have all regularly be…",The Verge,https://www.theverge.com/tech/921210/microsoft-openai-partnership-divorce-notepad,2026-04-30T16:01:58Z,heres new microsoft openai deal breaks,Neutral,0.0
All these smart glasses and nothing to do,"I'm currently wearing a pair of smart glasses called the Even Realities G2. Another two pairs, from Rokid, sit on my desk. A few feet away, I've got the Meta Ray-Ban Display charging alongside their Neural Wristband. In my closet are six pairs of $50 smart su…",The Verge,https://www.theverge.com/tech/921159/smart-glasses-review-wearable-even-realities-g2-meta-ray-ban-rokid-lucyd-oakley-meta-vanguard,2026-04-30T13:59:01Z,smart glasses nothing,Positive,0.4019
"On the stand, Elon Musk can't escape his own tweets | TechCrunch",Elon Musk took the stand for the second day for his attempt to legally dismantle OpenAI.,TechCrunch,https://techcrunch.com/2026/04/29/on-the-stand-elon-musk-cant-escape-his-own-tweets/,2026-04-30T00:00:37Z,stand elon musk cant escape tweets techcrunch,Negative,-0.1326
"Grindr — yes, Grindr — won the WHCD party circuit","Hello and welcome to Regulator, a newsletter for Verge subscribers about technology, politics, and technology learning how to politick. If you're not a subscriber but would like to support our work, please subscribe here. I promise that your money will not go…",The Verge,https://www.theverge.com/column/920845/grindr-whcd-party-2026,2026-04-29T21:59:17Z,grindr yes grindr whcd party circuit,Positive,0.8442
All the evidence unveiled so far in Musk v. Altman,"The Musk v. Altman trial is underway, and that means exhibits, or the evidence to be presented in court, are being revealed piece by piece. So far, email exchanges, photos, and corporate documents are circulating from the earliest days of OpenAI - and from be…",The Verge,https://www.theverge.com/ai-artificial-intelligence/920775/evidence-exhibits-elon-musk-sam-altman-openai-trial,2026-04-29T18:06:35Z,evidence unveiled far musk v altman,Neutral,0.0
Elon Musk appeared more petty than prepared,"Today the first witness was sworn in in Musk v. Altman: Elon Musk. I was surprised by how flat he seemed. This is not the first time I've seen Musk in court. During his defamation suit, he turned on the charm and the jury responded by finding him not guilty. …",The Verge,https://www.theverge.com/ai-artificial-intelligence/920191/elon-musk-sam-altman-trial-day-one,2026-04-28T23:17:12Z,elon musk appeared petty prepared,Neutral,0.0183
Elon Musk Testifies That He Started OpenAI to Prevent a ‘Terminator Outcome’,The judge also warned Musk and Sam Altman to curb their “propensity to use social media to make things worse outside the courtroom” after both sides traded attacks online.,Wired,https://www.wired.com/story/model-behavior-elon-musk-testifies-at-musk-v-altman-trial/,2026-04-28T21:35:17Z,elon musk testifies started openai prevent terminator outcome,Neutral,0.0258
Elon Musk takes the stand in high-profile trial against OpenAI,"Elon Musk officially began his testimony in the trial he has brought against OpenAI CEO Sam Altman and company president Greg Brockman. The three were on the initial founding team of OpenAI, with Musk investing up to $38 million early on before the co-founder…",The Verge,https://www.theverge.com/ai-artificial-intelligence/917052/elon-musk-takes-stand-trial-openai-sam-altman,2026-04-28T19:00:13Z,elon musk takes stand highprofile trial openai,Neutral,0.0
Some Musk v. Altman Jurors Don't Like Elon Musk,"Musk’s lawsuit challenges OpenAI’s evolution under Sam Altman. But during jury selection, several potential jurors voiced negative views of Musk himself.",Wired,https://www.wired.com/story/some-musk-v-altman-jurors-dont-like-elon-musk/,2026-04-28T00:39:30Z,musk v altman jurors dont like elon musk,Negative,-0.2755
Elon Musk Boosts New Yorker’s Sam Altman Exposé on X as Trial Begins,The move comes as the trial for Elon Musk’s lawsuit against OpenAI kicks off in federal court in Oakland.,Wired,https://www.wired.com/story/elon-musk-boost-new-yorker-article-sam-altman-x/,2026-04-27T20:12:11Z,elon musk boosts new yorkers sam altman expos x trial begins,Positive,0.3182
Microsoft and OpenAI’s famed AGI agreement is dead,"OpenAI and Microsoft's partnership-turned-situationship just got even less committed. And a clause about artificial general intelligence, which has for years dictated the future of their deal, has officially been dropped. On Monday morning, Microsoft announce…",The Verge,https://www.theverge.com/ai-artificial-intelligence/918981/openai-microsoft-renegotiate-contract,2026-04-27T16:15:47Z,microsoft openais famed agi agreement dead,Negative,-0.2732
Elon Musk and Sam Altman’s court battle over the future of OpenAI,"Sam Altman and Elon Musk are set to face off in a high-stakes trial that could alter the future of tech’s leading AI startup, OpenAI. The trial begins with jury selection on April 27th, as Musk pushes forward his 2024 lawsuit that accuses OpenAI of abandoning…",The Verge,https://www.theverge.com/tech/917225/sam-altman-elon-musk-openai-lawsuit,2026-04-27T15:51:41Z,elon musk sam altmans court battle future openai,Negative,-0.3818
Attack of the killer script kiddies,"Last August, some of the best cybersecurity teams in the business gathered in Las Vegas to demonstrate the strength of their AI bug-finding systems at DARPA's Artificial Intelligence Cyber Challenge (AIxCC). The tools had scanned 54 million lines of actual so…",The Verge,https://www.theverge.com/ai-artificial-intelligence/915660/mythos-script-kiddies-hackers-attack-cybersecurity-ai,2026-04-27T14:57:31Z,attack killer script kiddies,Negative,-0.8126
The Tech Bros Are All In on Zyn,"Nicotine pouches are revered among tech workers, who tout them as the perfect brain-boosting, productivity-jacking stimulants.",Wired,https://www.wired.com/story/tech-bros-are-all-in-on-zyn/,2026-04-27T11:00:00Z,tech bros zyn,Neutral,0.0
What Tim Cook built | TechCrunch,"On the latest episode of Equity, we discuss how Apple has changed since Cook became CEO in 2011, and what challenges incoming CEO John Ternus will be facing.",TechCrunch,https://techcrunch.com/2026/04/26/what-tim-cook-built/,2026-04-26T20:24:05Z,tim cook built techcrunch,Neutral,0.0
OpenAI CEO apologizes to Tumbler Ridge community | TechCrunch,"In a letter to the residents of Tumbler Ridge, Canada, OpenAI CEO Sam Altman said he is “deeply sorry” that his company failed to alert law enforcement about the suspect in a recent mass shooting.",TechCrunch,https://techcrunch.com/2026/04/25/openai-ceo-apologizes-to-tumbler-ridge-community/,2026-04-25T17:18:52Z,openai ceo apologizes tumbler ridge community techcrunch,Positive,0.3612
Why Tokyo is the most important tech destination of 2026 | TechCrunch,"SusHi Tech Tokyo 2026 has four tightly defined technology domains, each backed by live demonstrations, dedicated exhibit floors, and sessions featuring the people actually building and funding these technologies globally.",TechCrunch,https://techcrunch.com/2026/04/25/why-tokyo-is-the-most-important-tech-destination-of-2026/,2026-04-25T15:07:32Z,tokyo important tech destination 2026 techcrunch,Positive,0.2716
Ace the Ping-Pong Robot Can Whup Your Ass,"Ace can read the trajectory of a ball, adjust the racket angle, and respond with strokes that keep the exchange alive with real players.",Wired,https://www.wired.com/story/ace-the-robot-wants-to-become-the-world-table-tennis-champion/,2026-04-25T09:30:00Z,ace pingpong robot whup ass,Negative,-0.5423
US Special Forces Soldier Arrested for Polymarket Bets on Maduro Raid,"The master sergeant allegedly used classified intel to profit on the capture of Venezuelan president Nicolás Maduro, marking the first US arrest for insider trading on a prediction market.",Wired,https://www.wired.com/story/us-special-forces-soldier-allegedly-profited-off-of-maduro-capture-on-polymarket/,2026-04-23T23:15:21Z,us special forces soldier arrested polymarket bets maduro raid,Negative,-0.1027
"Redwood Materials loses COO amid layoffs, restructuring","Former Tesla executive Chris Lister is retiring, and at least three other VPs have left Redwood around the recent restructuring, TechCrunch has learned.",TechCrunch,https://techcrunch.com/2026/04/23/redwood-materials-loses-coo-amid-layoffs-restructuring/,2026-04-23T22:44:35Z,redwood materials loses coo amid layoffs restructuring,Negative,-0.3182
Elon Musk and Sam Altman’s court showdown will dish the dirt,"Elon Musk cofounded OpenAI, and then flounced off in a huff when he wasn't anointed CEO, leaving Sam Altman as the last power-hungry man standing. Now, Musk is back with a lawsuit, and a trial is scheduled to start in Oakland, California, on April 27th. Theor…",The Verge,https://www.theverge.com/ai-artificial-intelligence/917755/musk-altman-openai-xai-gossip,2026-04-23T22:19:41Z,elon musk sam altmans court showdown dish dirt,Negative,-0.34
"Great news, the Moto G Stylus is no longer teeming with bloatware","The 2026 edition of Motorola's stylus phone is plenty appealing. My review unit is a charming lilac color, has a pleasantly textured back panel, and includes a MicroSD slot and what might be the last surviving headphone jack on a mainstream phone sold in Nort…",The Verge,https://www.theverge.com/tech/917497/motorola-moto-g-stylus-2026-review,2026-04-23T17:16:40Z,great news moto g stylus longer teeming bloatware,Positive,0.4404
